{
    "serverMaxRevisionCounter": 44,
    "sourceMembers": {
        "ApexTrigger__LeadManagementTrigger": {
            "serverRevisionCounter": 2,
            "lastRetrievedFromServer": 2,
            "memberType": "ApexTrigger",
            "isNameObsolete": false
        },
        "CustomField__Opportunity.Product_Quantity__c": {
            "serverRevisionCounter": 9,
            "lastRetrievedFromServer": 9,
            "memberType": "CustomField",
            "isNameObsolete": false
        },
        "CustomField__Opportunity.Product_Service__c": {
            "serverRevisionCounter": 15,
            "lastRetrievedFromServer": null,
            "memberType": "CustomField",
            "isNameObsolete": true
        },
        "Layout__Opportunity-Opportunity (Marketing) Layout": {
            "serverRevisionCounter": 28,
            "lastRetrievedFromServer": null,
            "memberType": "Layout",
            "isNameObsolete": false
        },
        "Layout__Opportunity-Opportunity (Sales) Layout": {
            "serverRevisionCounter": 29,
            "lastRetrievedFromServer": null,
            "memberType": "Layout",
            "isNameObsolete": false
        },
        "Layout__Opportunity-Opportunity (Support) Layout": {
            "serverRevisionCounter": 30,
            "lastRetrievedFromServer": null,
            "memberType": "Layout",
            "isNameObsolete": false
        },
        "Layout__Opportunity-Opportunity Layout": {
            "serverRevisionCounter": 31,
            "lastRetrievedFromServer": null,
            "memberType": "Layout",
            "isNameObsolete": false
        },
        "Profile__Admin": {
            "serverRevisionCounter": 33,
            "lastRetrievedFromServer": null,
            "memberType": "Profile",
            "isNameObsolete": false
        },
        "CustomField__Opportunity.Product_Service_Charge__c": {
            "serverRevisionCounter": 21,
            "lastRetrievedFromServer": 21,
            "memberType": "CustomField",
            "isNameObsolete": false
        },
        "CustomField__Opportunity.Total_Revenue__c": {
            "serverRevisionCounter": 27,
            "lastRetrievedFromServer": 27,
            "memberType": "CustomField",
            "isNameObsolete": false
        },
        "ApexClass__OpportunityRevenueCalculator": {
            "serverRevisionCounter": 34,
            "lastRetrievedFromServer": 34,
            "memberType": "ApexClass",
            "isNameObsolete": false
        },
        "ApexTrigger__OpportunityRevenueTrigger": {
            "serverRevisionCounter": 35,
            "lastRetrievedFromServer": 35,
            "memberType": "ApexTrigger",
            "isNameObsolete": false
        },
        "CustomField__Opportunity.Expected_Close_Date__c": {
            "serverRevisionCounter": 36,
            "lastRetrievedFromServer": 36,
            "memberType": "CustomField",
            "isNameObsolete": false
        },
        "ApexClass__TestOpportunityRevenueTrigger": {
            "serverRevisionCounter": 44,
            "lastRetrievedFromServer": 44,
            "memberType": "ApexClass",
            "isNameObsolete": false
        }
    }
}